name,website,logo_url
"Alexander, Smith and Bartlett",https://short.com/,https://placekitten.com/32/708
Ford-Davis,https://gilmore-wright.biz/,https://placekitten.com/954/140
Riley and Sons,https://evans-smith.co.uk/,https://placeimg.com/928/39/any
Cook PLC,https://www.hughes.com/,https://placeimg.com/55/709/any
"Thomas, Torres and Williams",http://nash.com/,https://placekitten.com/951/84
"Simpson, Aguilar and Mcdonald",http://larson.com/,https://dummyimage.com/896x605
"Butler, Hammond and Crosby",http://warren-smith.com/,https://placekitten.com/221/321
"Page, Baker and Robinson",http://miller.net/,https://placeimg.com/449/179/any
"Turner, Rogers and Hall",https://wells.org/,https://placeimg.com/941/483/any
Trevino-Robertson,https://www.atkins-cartwright.com/,https://dummyimage.com/1023x967
Johnson Ltd,https://www.winter.info/,https://www.lorempixel.com/303/444
Nguyen-Bonilla,https://white.com/,https://placeimg.com/310/190/any
Matthews Group,https://evans.com/,https://www.lorempixel.com/715/902
Palmer-Metcalfe,http://www.carey.com/,https://www.lorempixel.com/756/709
Murray-Murphy,https://wood.com/,https://placeimg.com/974/133/any
"Woodard, Rivera and Bailey",https://www.aguilar.com/,https://placekitten.com/571/148
Cook-Shepherd,http://www.lawrence.com/,https://dummyimage.com/280x58
Williams-Clark,http://www.kerr-solomon.net/,https://placekitten.com/624/535
"Robinson, Gordon and Delgado",https://armstrong.com/,https://www.lorempixel.com/286/139
"Smith, O'Brien and Lowe",https://nguyen.com/,https://dummyimage.com/914x83
"Miller, Davies and Shah",https://www.pratt.org/,https://placeimg.com/777/1009/any
Forster PLC,http://www.mitchell-smith.co.uk/,https://placekitten.com/61/730
Tucker-Brown,https://french-dale.co.uk/,https://placeimg.com/521/101/any
Ward-Daniel,http://www.mitchell-lam.com/,https://placekitten.com/544/246
Robinson Group,http://www.massey.biz/,https://placeimg.com/361/935/any
